ai_enabled,car_dirpath,car_id,car_make,car_model,car_name,car_name_abbreviated,car_types,car_weight,categories,created,first_sale,forum_url,free_with_subscription,has_headlights,has_multiple_dry_tire_types,has_rain_capable_tire_types,hp,price,price_display,rain_enabled,retired,search_filters,site_url
TRUE,acuraarx06gtp,170,Acura,ARX-06 GTP,Acura ARX-06 GTP,AGTP,"gtp,lmdh,prototype,road",2447,sports_car,2023-05-11T13:20:13Z,2023-09-06T00:00:00Z,https://forums.iracing.com/categories/acura-arx-06-gtp,FALSE,TRUE,FALSE,TRUE,665,11.95,$11.95 ,TRUE,FALSE,"road,gtp,lmdh,prototype",
TRUE,acuransxevo22gt3,194,Acura,acuransxevo22gt3,Acura NSX GT3 EVO 22,NSXE22,"gt3,road,sports",2910,sports_car,2024-09-30T14:56:51Z,2024-12-10T00:00:00Z,https://forums.iracing.com/categories/acura-nsx-gt3-evo-22/,FALSE,TRUE,FALSE,TRUE,520,11.95,$11.95 ,TRUE,FALSE,"road,sports,gt3",
TRUE,stockcars2\arcachevy25,198,Chevrolet,ARCA Chevrolet SS,ARCA Chevrolet SS,ACSS25,"arca,chevy,nascar,oval",3450,oval,2025-01-16T10:26:29Z,2025-03-11T00:00:00Z,https://forums.iracing.com/categories/arca-chevrolet-ss-ford-mustang-and-toyota-camry,FALSE,FALSE,FALSE,FALSE,700,11.95,$11.95 ,FALSE,FALSE,"oval,nascar,arca,chevy",
TRUE,stockcars2\arcaford25,199,Ford,ARCA Ford Mustang,ARCA Ford Mustang,ARCAFM,"arca,ford,nascar,oval",3450,oval,2025-01-16T10:50:16Z,2025-03-11T00:00:00Z,https://forums.iracing.com/categories/arca-chevrolet-ss-ford-mustang-and-toyota-camry,FALSE,FALSE,FALSE,FALSE,700,11.95,$11.95 ,FALSE,FALSE,"oval,nascar,arca,ford",
TRUE,stockcars2\arcatoyota25,200,Toyota,ARCA Toyota Camry,ARCA Toyota Camry,ARCATC,"arca,nascar,oval,toyota",3450,oval,2025-01-16T11:02:46Z,2025-03-11T00:00:00Z,https://forums.iracing.com/categories/arca-chevrolet-ss-ford-mustang-and-toyota-camry,FALSE,FALSE,FALSE,FALSE,700,11.95,$11.95 ,FALSE,FALSE,"oval,nascar,arca,toyota",
TRUE,astonmartin\dbr9,64,Aston Martin,GT1,Aston Martin DBR9 GT1,AM1,"gt1,road,sportscar",2579,sports_car,2015-04-07T15:46:33Z,2015-06-08T00:00:00Z,https://forums.iracing.com/categories/gt1-aston-martin-corvette,FALSE,TRUE,FALSE,FALSE,600,11.95,$11.95 ,FALSE,FALSE,"road,sportscar,gt1",http://www.astonmartin.com/racing
TRUE,amvantagegt4,150,Aston Martin,Vantage GT4,Aston Martin Vantage GT4,AMV4,"aienabled,road,sportscar",3230,sports_car,2022-01-07T17:18:18Z,2022-03-08T00:00:00Z,https://forums.iracing.com/categories/gt4,FALSE,TRUE,FALSE,TRUE,450,11.95,$11.95 ,TRUE,FALSE,"road,sportscar,aienabled",
TRUE,audi90gto,76,Audi,90 GTO,Audi 90 GTO,A90,"gto,imsa,road,sportscar",2659,sports_car,2016-07-12T09:32:42Z,2016-09-09T00:00:00Z,https://forums.iracing.com/categories/kamel-gt-championship-%28audi-gt-nissan-zx%29,FALSE,FALSE,FALSE,FALSE,710,11.95,$11.95 ,FALSE,FALSE,"road,sportscar,gto,imsa",http://www.audi-motorsport.com/
TRUE,audir18,98,Audi,R18,Audi R18,AR18,"lmp1,prototype,road",1929,sports_car,2018-02-05T09:26:47Z,2018-03-05T00:00:00Z,https://forums.iracing.com/categories/audi-r18,FALSE,TRUE,FALSE,FALSE,503,11.95,$11.95 ,FALSE,FALSE,"road,prototype,lmp1",http://www.audi-motorsport.com/
TRUE,audir8lmsevo2gt3,176,Audi,Audi R8 LMS EVO II GT3,Audi R8 LMS EVO II GT3,AEVO2,"audi,gt,gt3,sportscar",2910,sports_car,2023-10-04T14:07:37Z,2023-12-06T00:00:00Z,https://forums.iracing.com/categories/audi-r8-lms-evo-ii-gt3,FALSE,TRUE,FALSE,TRUE,518,11.95,$11.95 ,TRUE,FALSE,"gt3,audi,gt,sportscar",
TRUE,audirs3lms,112,Audi,RS 3 LMS,Audi RS 3 LMS TCR,RS3,"road,sportscar,tcr",2673,sports_car,2019-06-26T12:05:38Z,2019-09-04T00:00:00Z,https://forums.iracing.com/categories/touring-car,FALSE,TRUE,FALSE,TRUE,350,11.95,$11.95 ,TRUE,FALSE,"road,sportscar,tcr",https://www.audi.com/en/experience-audi/audi-sport/audi-racing-models/rs-3-lms.html
TRUE,bmwlmdh,159,BMW,BMWGTP,BMW M Hybrid V8,BMWGTP,"gtp,gtp,lmdh,prototype,road,sportscar",2447,sports_car,2022-08-11T07:49:48Z,2022-12-06T00:00:00Z,https://forums.iracing.com/categories/bmw-m-hybrid-v8,FALSE,TRUE,FALSE,TRUE,665,11.95,$11.95 ,TRUE,FALSE,"road,sportscar,gtp,prototype,lmdh,gtp",https://www.bmw-motorsport.com/en/home.html
TRUE,bmwm2csr,195,BMW,BMW M2 CS Racing,BMW M2 CS Racing,BMWM2,"road,sports",3405,sports_car,2024-09-30T15:01:18Z,2024-12-10T00:00:00Z,https://forums.iracing.com/categories/bmw-m2-cs/,TRUE,TRUE,FALSE,TRUE,365,0,$0.00 ,TRUE,FALSE,"road,sports",
TRUE,bmwm4gt4,122,BMW,M4 GT4,BMW M4 F82 GT4 - 2018,BMWM4,"gs,gt4,road,sportscar",3153,sports_car,2020-04-24T13:09:18Z,2020-06-01T00:00:00Z,https://forums.iracing.com/categories/gt4,FALSE,TRUE,FALSE,TRUE,431,11.95,$11.95 ,TRUE,FALSE,"road,sportscar,gt4,gs",https://www.bmw-motorsport.com/en/home.html
TRUE,bmwm4evogt4,189,BMW,BMW M4 G82 GT4,BMW M4 G82 GT4 Evo,BMWGT4,"gt4,road,sportscar",3377,sports_car,2024-07-03T13:38:11Z,2024-09-04T00:00:00Z,https://forums.iracing.com/categories/bmw-m4-g82-gt4,FALSE,TRUE,FALSE,TRUE,520,11.95,$11.95 ,TRUE,FALSE,"road,sportscar,gt4",
TRUE,bmwm4gt3,132,BMW,M4 GT3,BMW M4 GT3,M4GT3,"gt3,gtd,road,sportscar",3013,sports_car,2020-10-28T10:53:04Z,2020-12-16T00:00:00Z,https://forums.iracing.com/categories/gt3,FALSE,TRUE,FALSE,TRUE,500,11.95,$11.95 ,TRUE,FALSE,"road,gt3,sportscar,gtd",https://www.bmw-motorsport.com/en/home.html
TRUE,bmwm8gte,109,BMW,M8 GTE,BMW M8 GTE,BMWM8,"gte,gtlm,road,sportscar",2640,sports_car,2019-02-05T11:15:02Z,2019-03-04T00:00:00Z,https://forums.iracing.com/categories/gte,FALSE,TRUE,FALSE,FALSE,560,11.95,$11.95 ,FALSE,FALSE,"road,sportscar,gte,gtlm",http://www.iracing.com
TRUE,cadillacctsvr,41,Cadillac,CTS-VR,Cadillac CTS-V Racecar,CTSVR,"road,sportscar",3200,sports_car,2012-02-28T11:02:39Z,2012-04-24T00:00:00Z,https://forums.iracing.com/categories/cadillac-cts-vr,TRUE,TRUE,FALSE,FALSE,460,0,$0.00 ,FALSE,FALSE,"road,sportscar",http://www.cadillac.com/v-series-racing.html
TRUE,cadillacvseriesrgtp,168,Cadillac,V-Series.R GTP,Cadillac V-Series.R GTP,CGTP,"gtp,lmdh,prototype,road,sportscar",2380,sports_car,2023-03-31T09:05:52Z,2023-06-06T00:00:00Z,https://forums.iracing.com/categories/cadillac-v-series-r-gtp,FALSE,TRUE,FALSE,TRUE,670,11.95,$11.95 ,TRUE,FALSE,"road,sportscar,prototype,lmdh,gtp",
TRUE,c6r,26,Chevrolet,C6R,Chevrolet Corvette C6.R GT1,C6R GT1,"chevy,gt1,road,sportscar",2275,sports_car,2009-06-22T10:26:32Z,2009-10-29T00:00:00Z,https://forums.iracing.com/categories/gt1-aston-martin-corvette,FALSE,TRUE,FALSE,FALSE,500,11.95,$11.95 ,FALSE,FALSE,"road,sportscar,gt1,chevy",http://www.prattmiller.com/motorsports/
FALSE,c7vettedp,70,Chevrolet,C7 DP,Chevrolet Corvette C7 Daytona Prototype,C7DP,"chevy,daytonaprototype,dp,prototype,road",2290,sports_car,2015-08-14T14:40:57Z,2015-09-04T00:00:00Z,https://forums.iracing.com/categories/corvette-c7-riley-daytona-prototypes,FALSE,TRUE,FALSE,FALSE,600,2.95,$2.95 ,FALSE,FALSE,"road,prototype,daytonaprototype,dp,chevy",http://www.imsa.com
TRUE,c8rvettegte,127,Chevrolet,C8.R,Chevrolet Corvette C8.R GTE,C8R,"chevy,gte,gtlm,road,sportscar",2750,sports_car,2020-07-16T11:19:49Z,2020-09-08T00:00:00Z,https://forums.iracing.com/categories/gte,FALSE,TRUE,FALSE,FALSE,550,11.95,$11.95 ,FALSE,FALSE,"road,sportscar,gte,gtlm,chevy",http://www.iracing.com
TRUE,chevyvettez06rgt3,184,Chevrolet,Chevrolet Corvette Z06 GT3.R,Chevrolet Corvette Z06 GT3.R,CZ06,"chevy,gt3,road",2943,sports_car,2024-03-26T15:14:21Z,2024-06-04T00:00:00Z,https://forums.iracing.com/categories/chevrolet-corvette-z06-gt3-r,FALSE,TRUE,FALSE,TRUE,522,11.95,$11.95 ,TRUE,FALSE,"road,gt3,chevy",
TRUE,dallaraf3,106,Dallara,F317,Dallara F3,F317,"formula3,openwheel,road",1213,formula_car,2018-10-17T08:39:58Z,2018-12-03T00:00:00Z,https://forums.iracing.com/categories/f3-championship,FALSE,FALSE,FALSE,FALSE,220,11.95,$11.95 ,FALSE,FALSE,"road,openwheel,formula3",https://www.dallara.it/
TRUE,dallarair01,129,Dallara,iR-01,Dallara iR-01,IR01,"openwheel,oval,road",1575,formula_car,2020-08-14T10:39:13Z,2020-12-08T00:00:00Z,https://forums.iracing.com/categories/dallara-ir-01,FALSE,FALSE,TRUE,FALSE,900,11.95,$11.95 ,FALSE,FALSE,"road,oval,openwheel",https://www.dallara.it/
TRUE,dallarair18,99,Dallara,IR18,Dallara IR18,IR18,"openwheel,oval,road",1590,formula_car,2018-02-05T14:48:33Z,2018-03-05T00:00:00Z,https://forums.iracing.com/categories/dallara-ir-18,FALSE,FALSE,TRUE,TRUE,700,11.95,$11.95 ,TRUE,FALSE,"oval,road,openwheel",https://www.dallara.it
TRUE,dallarap217,128,Dallara,P217,Dallara P217,P217,"lmp2,p2,prototype,prototype,road",2050,sports_car,2020-08-05T13:35:01Z,2020-09-08T00:00:00Z,https://forums.iracing.com/categories/dallara-p217-lmp2,FALSE,TRUE,FALSE,TRUE,600,11.95,$11.95 ,TRUE,FALSE,"road,prototype,p2,prototype,lmp2",https://www.dallara.it/
FALSE,dirtmodified\358,134,Dirt Modified,358 Modified,Dirt 358 Modified,358MOD,"dirt,dirtoval",2551,dirt_oval,2020-11-09T18:26:42Z,2020-12-08T00:00:00Z,https://forums.iracing.com/categories/dirt-358-modified,FALSE,FALSE,FALSE,FALSE,510,11.95,$11.95 ,FALSE,FALSE,"dirt,dirtoval",https://www.iracing.com/
FALSE,dirtmodified\bigblock,131,Dirt Modified,Big Block Modified,Dirt Big Block Modified,BBM,"dirt,dirtoval",2646,dirt_oval,2020-10-07T15:26:10Z,2020-12-08T00:00:00Z,https://forums.iracing.com/categories/super-dirtcar-big-block-modified,FALSE,FALSE,FALSE,FALSE,757,11.95,$11.95 ,FALSE,FALSE,"dirt,dirtoval",http://www.iracing.com/
FALSE,dirtlatemodel\350,78,Dirt Late Model,350,Dirt Late Model - Limited,DLM350,"dirt,dirtoval,dlm",2250,dirt_oval,2016-07-29T13:54:41Z,2017-03-28T00:00:00Z,https://forums.iracing.com/categories/dirt-limited-late-model,FALSE,FALSE,FALSE,FALSE,400,11.95,$11.95 ,FALSE,FALSE,"dirt,dirtoval,dlm",http://www.iracing.com
FALSE,dirtlatemodel\358,83,Dirt Late Model,358,Dirt Late Model - Pro,DLM358,"dirt,dirtoval,dlm",2250,dirt_oval,2016-11-08T14:03:16Z,2017-03-28T00:00:00Z,https://forums.iracing.com/categories/dirt-pro-late-model,FALSE,FALSE,FALSE,FALSE,700,11.95,$11.95 ,FALSE,FALSE,"dirt,dirtoval,dlm",http://www.iracing.com
FALSE,dirtlatemodel\438,84,Dirt Late Model,438,Dirt Late Model - Super,DLM438,"dirt,dirtoval,dlm",2250,dirt_oval,2016-11-08T14:04:36Z,2017-03-28T00:00:00Z,,FALSE,FALSE,FALSE,FALSE,850,11.95,$11.95 ,FALSE,FALSE,"dirt,dirtoval,dlm",http://www.iracing.com
FALSE,legends\dirtford34c,82,Legends,Dirt,Dirt Legends Ford '34 Coupe,LEG-D,"dirt,dirtoval,legends",1300,dirt_oval,2016-10-06T09:20:47Z,2008-02-05T00:00:00Z,,TRUE,FALSE,FALSE,FALSE,125,0,$0.00 ,FALSE,FALSE,"dirt,dirtoval,legends",
FALSE,dirtmicrosprint\nonwinged,181,,Non-Winged,Dirt Micro Sprint Car - Non-Winged,MSCNW,"dirt,dirtoval,sprintcar",755,dirt_oval,2024-01-02T14:18:27Z,2024-03-05T00:00:00Z,https://forums.iracing.com/categories/dirt-micro-sprint-car-winged-non-winged,TRUE,FALSE,FALSE,FALSE,120,0,$0.00 ,FALSE,FALSE,"dirt,dirtoval,sprintcar",
FALSE,dirtmicrosprint\winged,180,,Winged,Dirt Micro Sprint Car - Winged,MSCW,"dirt,dirtoval,sprintcar",780,dirt_oval,2024-01-02T14:14:22Z,2024-03-05T00:00:00Z,https://forums.iracing.com/categories/dirt-micro-sprint-car-winged-non-winged,TRUE,FALSE,FALSE,FALSE,120,0,$0.00 ,FALSE,FALSE,"dirt,dirtoval,sprintcar",
FALSE,dirtmidget,96,Dirt Midget,Dirt Midget,Dirt Midget,DM,"dirt,dirtoval,midget",1035,dirt_oval,2017-09-26T13:21:43Z,2017-12-04T00:00:00Z,https://forums.iracing.com/categories/dirt-midget,FALSE,FALSE,FALSE,FALSE,400,11.95,$11.95 ,FALSE,FALSE,"dirt,dirtoval,midget",http://www.iracing.com
FALSE,dirtministock,193,,Dirt Mini Stock,Dirt Mini Stock,DMNST,"mini,oval,rookie,stock",2350,oval,2024-08-12T13:32:45Z,2024-09-04T00:00:00Z,https://forums.iracing.com/categories/dirt-mini-stock,TRUE,FALSE,FALSE,FALSE,200,0,$0.00 ,FALSE,FALSE,"oval,stock,mini,rookie",
FALSE,dirtmicrosprint\nonwinged\outlaw,183,,Non-Winged,Dirt Outlaw Micro Sprint Car - Non-Winged,MSCONW,"dirt,dirtoval,sprintcar",755,dirt_oval,2024-03-20T09:57:56Z,2024-04-02T00:00:00Z,https://forums.iracing.com/categories/dirt-micro-sprint-car-winged-non-winged,TRUE,FALSE,FALSE,FALSE,167,0,$0.00 ,FALSE,FALSE,"dirt,dirtoval,sprintcar",
FALSE,dirtmicrosprint\winged\outlaw,182,,Winged,Dirt Outlaw Micro Sprint Car - Winged,MSCOW,"dirt,dirtoval,sprintcar",780,dirt_oval,2024-03-20T09:56:19Z,2024-04-02T00:00:00Z,https://forums.iracing.com/categories/dirt-micro-sprint-car-winged-non-winged,TRUE,FALSE,FALSE,FALSE,167,0,$0.00 ,FALSE,FALSE,"dirt,dirtoval,sprintcar",
FALSE,dirtsprint\winged\305,80,Dirt Sprint Car,305,Dirt Sprint Car - 305,DSC305,"dirt,dirtoval,wingedsprintcar",1550,dirt_oval,2016-10-03T14:28:04Z,2017-03-28T00:00:00Z,https://forums.iracing.com/categories/305-winged-sprint-car,FALSE,FALSE,FALSE,FALSE,458,11.95,$11.95 ,FALSE,FALSE,"dirt,dirtoval,wingedsprintcar",http://www.iracing.com
FALSE,dirtsprint\winged\360,85,Dirt Sprint Car,360,Dirt Sprint Car - 360,DSC360,"dirt,dirtoval,wingedsprintcar",1500,dirt_oval,2016-11-08T14:07:20Z,2017-03-28T00:00:00Z,https://forums.iracing.com/categories/360-winged-sprint-car,FALSE,FALSE,FALSE,FALSE,720,11.95,$11.95 ,FALSE,FALSE,"dirt,dirtoval,wingedsprintcar",http://www.iracing.com
FALSE,dirtsprint\nonwinged\360,87,Dirt Sprint Car,360 Non-Winged,Dirt Sprint Car - 360 Non-Winged,DS360NW,"dirt,dirtoval,sprintcar",1375,dirt_oval,2016-11-08T14:10:46Z,2017-04-21T00:00:00Z,https://forums.iracing.com/categories/360-non-winged-sprint-car,FALSE,FALSE,FALSE,FALSE,720,11.95,$11.95 ,FALSE,FALSE,"dirt,dirtoval,sprintcar",http://www.iracing.com
FALSE,dirtsprint\winged\410,86,Dirt Sprint Car,410,Dirt Sprint Car - 410,DSC410,"dirt,dirtoval,wingedsprintcar",1400,dirt_oval,2016-11-08T14:09:15Z,2017-03-28T00:00:00Z,https://forums.iracing.com/categories/410-winged-sprint-car,FALSE,FALSE,FALSE,FALSE,892,11.95,$11.95 ,FALSE,FALSE,"dirt,dirtoval,wingedsprintcar",http://www.iracing.com
FALSE,dirtsprint\nonwinged\410,89,Dirt Sprint Car,410 Non-Winged,Dirt Sprint Car - 410 Non-Winged,DS410NW,"dirt,dirtoval,sprintcar",1475,dirt_oval,2017-01-18T13:13:16Z,2017-04-21T00:00:00Z,https://forums.iracing.com/categories/410-non-winged-sprint-car,FALSE,FALSE,FALSE,FALSE,821,11.95,$11.95 ,FALSE,FALSE,"dirt,dirtoval,sprintcar",http://www.iracing.com
FALSE,dirtstreetstock,79,,,Dirt Street Stock,SSD,"dirt,dirtoval",3075,dirt_oval,2016-10-03T14:26:41Z,2017-03-28T00:00:00Z,https://forums.iracing.com/categories/dirt-street-stock,TRUE,FALSE,FALSE,FALSE,425,0,$0.00 ,FALSE,FALSE,"dirt,dirtoval",http://www.iracing.com
FALSE,dirtumpmod,95,Dirt UMP Modified,UMP Modified,Dirt UMP Modified,UMP,"dirt,dirtoval",2400,dirt_oval,2017-08-10T14:12:09Z,2017-09-05T00:00:00Z,https://forums.iracing.com/categories/dirt-ump-modified,TRUE,FALSE,FALSE,FALSE,750,0,$0.00 ,FALSE,FALSE,"dirt,dirtoval",http://www.iracing.com
TRUE,ferrari296challenge,203,Ferrari,296 Challenge,Ferrari 296 Challenge,F296C,"challenge,road,sportscar",3075,sports_car,2025-01-16T13:31:29Z,2025-06-10T00:00:00Z,https://forums.iracing.com/categories/ferrari-296-challenge,FALSE,TRUE,FALSE,TRUE,690,11.95,$11.95 ,TRUE,FALSE,"road,sportscar,challenge",
TRUE,ferrari296gt3,173,Ferrari,Ferrari 296 GT3,Ferrari 296 GT3,F296,"gt3,road,sportscar",2978,sports_car,2023-06-16T13:56:17Z,2023-09-06T00:00:00Z,https://forums.iracing.com/categories/Ferrari296GT3,FALSE,TRUE,FALSE,TRUE,524,11.95,$11.95 ,TRUE,FALSE,"road,sportscar,gt3",
TRUE,ferrarievogt3,144,Ferrari,Evo GT3,Ferrari 488 GT3 Evo 2020,FEVO,"gt3,gtd,road,sportscar",2772,sports_car,2021-07-13T15:55:53Z,2021-09-07T00:00:00Z,https://forums.iracing.com/categories/gt3,FALSE,TRUE,FALSE,TRUE,600,11.95,$11.95 ,FALSE,FALSE,"road,sportscar,gt3,gtd",http://races.ferrari.com/en/
TRUE,ferrari488gte,93,Ferrari,488 GTE,Ferrari 488 GTE,488E,"gte,gtlm,road,sportscar",2778,sports_car,2017-05-16T15:47:54Z,2017-06-06T00:00:00Z,https://forums.iracing.com/categories/gte,FALSE,TRUE,FALSE,FALSE,490,11.95,$11.95 ,FALSE,FALSE,"road,sportscar,gte,gtlm",http://races.ferrari.com/en/
TRUE,ferrari499p,196,Ferrari,Ferrari 499P,Ferrari 499P,F499P,"prototype,road,sports",2469,sports_car,2024-10-03T08:18:33Z,2024-12-10T00:00:00Z,https://forums.iracing.com/categories/ferrari-499p/,FALSE,TRUE,FALSE,TRUE,665,11.95,$11.95 ,TRUE,FALSE,"road,sports,prototype",
TRUE,formulair04,148,FIA,F4,FIA F4,F4,"openwheel,road",1257,formula_car,2021-10-06T13:56:13Z,2022-03-08T00:00:00Z,https://forums.iracing.com/categories/iracing-formula-ir-04,FALSE,FALSE,FALSE,TRUE,160,11.95,$11.95 ,TRUE,FALSE,"road,openwheel",https://www.fia.com/events/formula-4-certified-fia/season-2020/formula-4-certified-fia
FALSE,fordfiestarswrc,81,Ford,Fiesta,Ford Fiesta RS WRC,FF-WSC,"dirt,dirtroad,irx,rallycross",3000,dirt_road,2016-10-03T14:29:52Z,2017-12-04T00:00:00Z,https://forums.iracing.com/categories/ford-fiesta-rs-wrc,FALSE,FALSE,FALSE,FALSE,600,11.95,$11.95 ,FALSE,FALSE,"dirt,dirtroad,rallycross,irx",http://www.iracing.com
TRUE,fordgt,40,Ford,GT2,Ford GT GT2,FGT,"gte,gtlm,road,sportscar",2727,sports_car,2011-06-15T14:19:30Z,2011-07-29T00:00:00Z,https://forums.iracing.com/categories/gt2,FALSE,TRUE,FALSE,FALSE,500,11.95,$11.95 ,FALSE,FALSE,"road,sportscar,gte,gtlm",http://www.ford.com/
TRUE,fordgt\gt3,59,Ford,GT3,Ford GT GT3,FGT3,"gt3,gtd,road,sportscar",2624,sports_car,2014-07-23T13:28:07Z,2014-10-20T00:00:00Z,https://forums.iracing.com/categories/gt3,FALSE,TRUE,FALSE,TRUE,475,11.95,$11.95 ,TRUE,FALSE,"road,sportscar,gtd,gt3",http://www.ford.com/
TRUE,fordgt2017,92,Ford,GT,Ford GTE,FGT7,"gte,gtlm,road,sportscar",2745,sports_car,2017-05-04T12:41:47Z,2017-06-06T00:00:00Z,https://forums.iracing.com/categories/gte,FALSE,TRUE,FALSE,FALSE,530,11.95,$11.95 ,FALSE,FALSE,"road,sportscar,gte,gtlm",http://performance.ford.com/home.html
TRUE,fr500s,30,Ford,FR500S,Ford Mustang FR500S,FR500,"mustanggt,road,sportscar",3600,sports_car,2010-04-13T09:45:25Z,2010-06-22T00:00:00Z,https://forums.iracing.com/categories/ford-mustang-fr500s,FALSE,TRUE,FALSE,TRUE,325,11.95,$11.95 ,TRUE,FALSE,"road,sportscar,mustanggt",http://www.ford.com
TRUE,fordmustanggt3,185,Ford,Ford Mustang GT3,Ford Mustang GT3,FMGT3,"gt3,road,sportscar",2900,sports_car,2024-05-06T14:26:58Z,2024-06-04T00:00:00Z,https://forums.iracing.com/categories/ford-mustang-gt3,FALSE,TRUE,TRUE,TRUE,516,11.95,$11.95 ,TRUE,FALSE,"road,sportscar,gt3",
FALSE,formularenault20,74,Renault,Formula 2.0,Formula Renault 2.0,F20,"fr2.0,openwheel,road",1115,formula_car,2016-02-03T08:17:14Z,2016-03-07T00:00:00Z,https://forums.iracing.com/categories/formula-renault-2-0,FALSE,FALSE,FALSE,FALSE,210,11.95,$11.95 ,FALSE,FALSE,"road,openwheel,fr2.0",http://www.worldseriesbyrenault.com
FALSE,formularenault35,105,Renault,Formula 3.5,Formula Renault 3.5,F35,"fr3.5,openwheel,road",1567,formula_car,2018-10-17T08:37:58Z,2018-12-03T00:00:00Z,https://forums.iracing.com/categories/formula-renault-3-5,FALSE,FALSE,FALSE,FALSE,530,11.95,$11.95 ,FALSE,FALSE,"road,openwheel,fr3.5",
TRUE,formulavee,142,Formula Vee,Formula Vee,Formula Vee,FVEE,"formulavee,openwheel,road",825,formula_car,2021-05-06T14:01:07Z,2021-06-08T00:00:00Z,https://forums.iracing.com/categories/formula-vee,TRUE,FALSE,FALSE,FALSE,69,0,$0.00 ,TRUE,FALSE,"road,formulavee,openwheel",http://www.iracing.com/
FALSE,stockcars\chevymontecarlo03,201,Chevrolet,Monte Carlo ,Gen 4 Chevrolet Monte Carlo - 2003,G4CMC,"chevy,nascar,oval",3400,oval,2025-01-16T11:22:20Z,2025-06-10T00:00:00Z,https://forums.iracing.com/categories/gen-4-stock-car/,FALSE,FALSE,FALSE,FALSE,700,11.95,$11.95 ,FALSE,FALSE,"oval,nascar,chevy",
FALSE,stockcars\fordtaurus03,202,Ford,Taurus,Gen 4 Ford Taurus - 2003,G4FT,"ford,nascar,oval",3400,oval,2025-01-16T11:40:50Z,2025-06-10T00:00:00Z,https://forums.iracing.com/categories/gen-4-stock-car/,FALSE,FALSE,FALSE,FALSE,700,11.95,$11.95 ,FALSE,FALSE,"oval,nascar,ford",
TRUE,mx5\mx52016,67,Mazda,MX-5,Global Mazda MX-5 Cup,MX16,"miata,mx5,road,sportscar",1967,sports_car,2015-05-18T13:08:08Z,2016-03-07T00:00:00Z,https://forums.iracing.com/categories/advanced-mazda-mx-5-cup,TRUE,TRUE,FALSE,TRUE,181,0,$0.00 ,TRUE,FALSE,"road,sportscar,miata,mx5",http://www.mazdamotorsports.com/
TRUE,hondacivictyper,147,Honda,Civic Type R,Honda Civic Type R TCR,HCTR,"road,sportscar,tcr",2673,sports_car,2021-09-29T09:53:45Z,2021-12-06T00:00:00Z,https://forums.iracing.com/categories/touring-car,FALSE,TRUE,FALSE,TRUE,350,11.95,$11.95 ,TRUE,FALSE,"road,sportscar,tcr",http://www.iracing.com
TRUE,hpdarx01c,39,HPD,ARX-01C,HPD ARX-01c,ARX,"lmp2,prototype,road",1819,sports_car,2011-06-15T14:16:15Z,2011-07-29T00:00:00Z,https://forums.iracing.com/categories/hpd-arx-01c,FALSE,TRUE,FALSE,FALSE,480,2.95,$2.95 ,FALSE,FALSE,"road,prototype,lmp2",http://racing.honda.com/hpd/
TRUE,hyundaielantracn7,146,Hyundai,Elantra CN7,Hyundai Elantra N TCR,HECN7,"road,sportscar,tcr",2673,sports_car,2021-09-29T09:45:03Z,2021-12-06T00:00:00Z,https://forums.iracing.com/categories/touring-car,FALSE,TRUE,FALSE,TRUE,350,11.95,$11.95 ,TRUE,FALSE,"road,sportscar,tcr",http://www.iracing.com
TRUE,hyundaivelostern,153,Hyundai,Veloster N,Hyundai Veloster N TCR,HVTC,"aienabled,road,sportscar,tcr",2789,sports_car,2022-01-07T17:36:17Z,2022-03-08T00:00:00Z,https://forums.iracing.com/categories/touring-car,FALSE,TRUE,FALSE,TRUE,350,11.95,$11.95 ,TRUE,FALSE,"road,sportscar,aienabled,tcr",
TRUE,indypropm18,120,Indy Pro 2000,PM-18,Indy Pro 2000 PM-18,PM18,"openwheel,oval,road",1100,formula_car,2020-03-31T14:54:20Z,2020-06-01T00:00:00Z,https://forums.iracing.com/categories/indy-pro-2000-pm-18,FALSE,FALSE,FALSE,FALSE,275,11.95,$11.95 ,FALSE,FALSE,"road,openwheel,oval",https://www.usf2000.com/about/road-to-indy
TRUE,kiaoptima,44,Kia,Optima,Kia Optima,KIAOPT,"gs,road,sportscar",3000,sports_car,2012-12-19T12:54:16Z,2013-04-18T00:00:00Z,https://forums.iracing.com/categories/kia-optima,TRUE,TRUE,FALSE,FALSE,375,0,$0.00 ,FALSE,FALSE,"road,sportscar,gs",http://www.iracing.com
TRUE,lamborghinievogt3,133,Lamborghini,Huracán GT3 EVO,Lamborghini Huracán GT3 EVO,LGT3,"gt3,gtd,huracan,road,sportscar",3013,sports_car,2020-11-05T18:36:47Z,2020-12-08T00:00:00Z,https://forums.iracing.com/categories/gt3,FALSE,TRUE,FALSE,TRUE,500,11.95,$11.95 ,TRUE,FALSE,"road,gt3,sportscar,gtd,huracan",https://www.lamborghini.com/en-en/motorsport/motorsport-models/
TRUE,latemodel2023,164,,Late Model Stock,Late Model Stock,LM23,oval,3100,oval,2023-01-26T13:36:37Z,2023-03-07T00:00:00Z,https://forums.iracing.com/categories/LateModel,FALSE,FALSE,FALSE,FALSE,500,11.95,$11.95 ,FALSE,FALSE,oval,
TRUE,legends\ford34c,5,Legends,Advanced,Legends Ford '34 Coupe,LEG,"legends,oval",1230,oval,2006-12-20T00:30:00Z,2008-02-04T00:00:00Z,https://forums.iracing.com/categories/legends-ford-34-coupe,TRUE,FALSE,FALSE,FALSE,135,0,$0.00 ,TRUE,FALSE,"oval,legends",
TRUE,ligierjsp320,165,Ligier,JSP 320,Ligier JS P320,LJSP,"lmp3,prototype,road,sportscar",2094,sports_car,2023-02-08T15:43:06Z,2023-06-06T00:00:00Z,https://forums.iracing.com/categories/ligier-js-p320,FALSE,TRUE,FALSE,TRUE,455,11.95,$11.95 ,TRUE,FALSE,"road,sportscar,prototype,lmp3",https://ligierautomotive.com/
TRUE,lotus49,42,Lotus,Lotus 49,Lotus 49,L49,"f1,formula1,formulaone,l49,openwheel,road",1200,formula_car,2012-09-25T16:01:16Z,2013-07-18T00:00:00Z,https://forums.iracing.com/categories/lotus-49,FALSE,FALSE,FALSE,FALSE,400,11.95,$11.95 ,FALSE,FALSE,"road,openwheel,L49,f1,formula1,formulaone",http://www.iracing.com
TRUE,lotus79,25,Lotus,Lotus 79,Lotus 79,L79,"f1,formula1,formulaone,l79,openwheel,road",1268,formula_car,2009-06-08T11:00:37Z,2009-07-28T00:00:00Z,https://forums.iracing.com/categories/lotus-79,FALSE,FALSE,FALSE,TRUE,475,11.95,$11.95 ,TRUE,FALSE,"road,openwheel,L79,f1,formula1,formulaone",www.lotus.com
FALSE,protrucks\pro2lite,113,,Pro 2 Lite,Lucas Oil Off Road Pro 2 Lite,PRO2L,"dirt,dirtroad,offroad,offroadtruck,road",4000,dirt_road,2019-08-12T13:22:36Z,2019-09-04T00:00:00Z,https://forums.iracing.com/categories/pro2Truck,TRUE,FALSE,FALSE,FALSE,400,0,$0.00 ,FALSE,FALSE,"dirt,road,dirtroad,offroad,offroadtruck",http://www.iracing.com/
FALSE,protrucks\pro2truck,104,,Pro 2,Lucas Oil Off Road Pro 2 Truck,PRO2,"dirt,dirtroad,offroad,offroadtruck,road",4000,dirt_road,2018-10-17T08:30:01Z,2019-06-03T00:00:00Z,https://forums.iracing.com/categories/pro2Truck,FALSE,FALSE,FALSE,FALSE,800,11.95,$11.95 ,FALSE,FALSE,"dirt,road,dirtroad,offroad,offroadtruck",http://www.iracing.com/
FALSE,protrucks\pro4truck,107,,Pro 4,Lucas Oil Off Road Pro 4 Truck,PRO4,"dirt,dirtroad,offroad,offroadtruck,road",4000,dirt_road,2018-10-17T08:30:01Z,2019-06-03T00:00:00Z,https://forums.iracing.com/categories/off-road-racing-pro-4-trucks,FALSE,FALSE,FALSE,FALSE,800,11.95,$11.95 ,FALSE,FALSE,"dirt,road,dirtroad,offroad,offroadtruck",http://www.iracing.com/
TRUE,mclaren570sgt4,135,McLaren,570S GT4,McLaren 570S GT4,M570S,"gs,gt4,road,sportscar",3086,sports_car,2021-01-25T00:00:00Z,2021-03-10T00:00:00Z,https://forums.iracing.com/categories/gt4,FALSE,TRUE,FALSE,TRUE,461,11.95,$11.95 ,TRUE,FALSE,"road,sportscar,gt4,gs",https://www.mclaren.com/
TRUE,mclaren720sgt3,188,Mclaren,McLaren 720S GT3 EVO,McLaren 720S GT3 EVO,720GT3,"gt3,road,sportscar",2932,sports_car,2024-06-12T16:09:00Z,2024-09-09T00:00:00Z,https://forums.iracing.com/categories/mclaren-720s-gt3-evo,FALSE,TRUE,FALSE,TRUE,740,11.95,$11.95 ,TRUE,FALSE,"road,sportscar,gt3",
FALSE,mclarenmp430,71,McLaren,MP4-30,McLaren MP4-30,MP430,"f1,formula1,formulaone,openwheel,road",1548,formula_car,2015-11-10T15:31:56Z,2015-12-07T00:00:00Z,https://forums.iracing.com/categories/mclaren-mp4-30,FALSE,FALSE,TRUE,FALSE,700,11.95,$11.95 ,FALSE,FALSE,"road,openwheel,f1,formula1,formulaone",http://www.mclaren.com/formula1/car/
TRUE,mercedesamgevogt3,156,Mercedes-AMG,GT3 Evo,Mercedes-AMG GT3 2020,MGT3E,"gt3,gtd,road,sportscar",2833,sports_car,2022-03-29T08:28:13Z,2022-06-06T00:00:00Z,https://forums.iracing.com/categories/gt3,FALSE,TRUE,FALSE,TRUE,515,11.95,$11.95 ,TRUE,FALSE,"road,sportscar,gt3,gtd",https://customerracing.mercedes-amg.com/en/vehicles/mercedes-amg-gt3.html
TRUE,mercedesamggt4,157,Mercedes-AMG,GT4,Mercedes-AMG GT4,MGT4,"gt4,gtd,road,sportscar",3064,sports_car,2022-04-05T10:21:30Z,2022-06-06T00:00:00Z,https://forums.iracing.com/categories/gt4,FALSE,TRUE,FALSE,TRUE,515,11.95,$11.95 ,TRUE,FALSE,"road,sportscar,gt4,gtd",https://customerracing.mercedes-amg.com/en/vehicles/mercedes-amg-gt4.html
TRUE,mercedesw12,145,Mercedes,W12,Mercedes-AMG W12 E Performance,MW12,"amg,f1,formula,formula1,openwheel,road,w12",1655,formula_car,2021-09-20T14:57:34Z,2021-12-06T00:00:00Z,https://forums.iracing.com/categories/mercedes-amg-w12-e-performance,FALSE,FALSE,TRUE,FALSE,1000,11.95,$11.95 ,FALSE,FALSE,"road,amg,w12,openwheel,formula,f1,formula1",http://www.mercedes-amg.com/lifestyle_racing.php
TRUE,mercedesw13,161,Mercedes,W13,Mercedes-AMG W13 E Performance,MW13,"amg,f1,formula,formula1,openwheel,road,w12",1753,formula_car,2022-10-20T11:21:59Z,2022-12-06T00:00:00Z,https://forums.iracing.com/categories/mercedes-amg-w13-e-performance,FALSE,FALSE,TRUE,FALSE,1070,11.95,$11.95 ,FALSE,FALSE,"road,amg,w12,openwheel,formula,formula1,f1",http://www.mercedes-amg.com/lifestyle_racing.php
TRUE,ministock,191,,Mini Stock,Mini Stock,MNSTK,"mini,oval,rookie,stock",2350,oval,2024-07-16T11:21:04Z,2024-09-04T00:00:00Z,https://forums.iracing.com/categories/mini-stock,TRUE,FALSE,FALSE,FALSE,200,0,$0.00 ,FALSE,FALSE,"oval,stock,mini,rookie",
TRUE,skmodified\tour,31,Modified,Tour,Modified - NASCAR Whelen Tour,TMOD,"mod,nascar,oval,tour mod",2645,oval,2010-06-24T09:28:30Z,2010-06-30T00:00:00Z,https://forums.iracing.com/categories/tour-modified,FALSE,FALSE,FALSE,FALSE,612,11.95,$11.95 ,FALSE,FALSE,"oval,nascar,mod,tour mod",
TRUE,skmodified,2,Modified,SK,Modified - SK,SK,"mod,nascar,oval,sk mod",2600,oval,2006-05-03T21:15:00Z,2008-02-03T00:00:00Z,https://forums.iracing.com/categories/sk-modifieds-fixed,FALSE,FALSE,FALSE,FALSE,370,11.95,$11.95 ,FALSE,FALSE,"oval,nascar,mod, sk mod",
TRUE,stockcars\camarozl12018,103,Chevrolet,Camaro ZL1,NASCAR Cup Series Chevrolet Camaro ZL1,ZL1,"chevy,classa,cupcar,nascar,oval",3200,oval,2018-08-16T10:23:25Z,2018-09-05T00:00:00Z,https://forums.iracing.com/categories/NASCARCup,FALSE,FALSE,FALSE,FALSE,750,11.95,$11.95 ,FALSE,FALSE,"oval,nascar,cupcar,classa,chevy",
TRUE,stockcars\fordmustang2019,110,Ford,Mustang,NASCAR Cup Series Ford Mustang,FM2019,"classa,cupcar,nascar,oval",3300,oval,2019-04-26T09:18:50Z,2019-06-03T00:00:00Z,https://forums.iracing.com/categories/NASCARCup,FALSE,FALSE,FALSE,FALSE,750,11.95,$11.95 ,FALSE,FALSE,"oval,nascar,cupcar,classa",http://www.iracing.com
TRUE,stockcars\chevycamarozl12022,139,Chevrolet,Camaro ZL1,NASCAR Cup Series Next Gen Chevrolet Camaro ZL1,NGC,"chevy,cupcar,nascar,oval",3500,oval,2021-04-23T10:27:37Z,2021-05-04T00:00:00Z,https://forums.iracing.com/categories/NextGen,FALSE,FALSE,FALSE,FALSE,670,11.95,$11.95 ,FALSE,FALSE,"oval,nascar,cupcar,chevy",
TRUE,stockcars\fordmustang2022,140,Ford,Mustang,NASCAR Cup Series Next Gen Ford Mustang,NGF,"cupcar,nascar,oval",3500,oval,2021-04-23T10:30:22Z,2021-05-04T00:00:00Z,https://forums.iracing.com/categories/NextGen,FALSE,FALSE,FALSE,FALSE,670,11.95,$11.95 ,FALSE,FALSE,"oval,nascar,cupcar",
TRUE,stockcars\toyotacamry2022,141,Toyota,Camry,NASCAR Cup Series Next Gen Toyota Camry,NGT,"cupcar,nascar,oval",3500,oval,2021-04-23T10:35:39Z,2021-05-04T00:00:00Z,https://forums.iracing.com/categories/NextGen,FALSE,FALSE,FALSE,FALSE,670,11.95,$11.95 ,FALSE,FALSE,"oval,nascar,cupcar",
TRUE,stockcars\toyotacamry,56,Toyota,Camry-Gen6,NASCAR Cup Series Toyota Camry,TC,"classa,cupcar,nascar,oval",3300,oval,2014-03-26T11:58:04Z,2014-04-28T00:00:00Z,https://forums.iracing.com/categories/NASCARCup,FALSE,FALSE,FALSE,FALSE,750,11.95,$11.95 ,FALSE,FALSE,"oval,nascar,cupcar,classa",http://www.iracing.com
TRUE,stockcars\buicklesabre87,154,Buick,LeSabre,NASCAR Legends Buick LeSabre - 1987,B87,"nascar,oval",3700,oval,2022-01-21T14:45:39Z,2022-03-08T00:00:00Z,https://forums.iracing.com/categories/87Cars,FALSE,FALSE,FALSE,FALSE,650,11.95,$11.95 ,FALSE,FALSE,"oval,nascar",
TRUE,stockcars\chevymontecarlo87,124,Chevrolet,Monte Carlo,NASCAR Legends Chevrolet Monte Carlo - 1987,C87,"chevy,cupcar,nascar,oval,winstoncup",3700,oval,2020-05-08T11:25:27Z,2020-06-01T00:00:00Z,https://forums.iracing.com/categories/87Cars,FALSE,FALSE,FALSE,FALSE,650,11.95,$11.95 ,FALSE,FALSE,"oval,nascar,cupcar,winstoncup,chevy",
TRUE,stockcars\fordthunderbird87,125,Ford,Thunderbird,NASCAR Legends Ford Thunderbird - 1987,F87,"cupcar,nascar,oval,winstoncup",3700,oval,2020-05-08T11:28:49Z,2020-06-01T00:00:00Z,https://forums.iracing.com/categories/87Cars,FALSE,FALSE,FALSE,FALSE,650,11.95,$11.95 ,FALSE,FALSE,"oval,nascar,cupcar,winstoncup",
TRUE,stockcars\pontiacgrandprix87,175,Pontiac,NASCAR Legends Pontiac Grand Prix - 1987,NASCAR Legends Pontiac Grand Prix - 1987,P87,"nascar,oval",3700,oval,2023-08-07T09:58:03Z,2023-09-06T00:00:00Z,https://forums.iracing.com/categories/87Cars,FALSE,FALSE,FALSE,FALSE,650,11.95,$11.95 ,FALSE,FALSE,"oval,nascar",
TRUE,trucks\silverado2019,111,Chevrolet,Silverado,NASCAR Truck Chevrolet Silverado,CS2019,"chevy,craftsman,nascar,oval,truck",3450,oval,2019-04-26T09:21:42Z,2022-03-08T00:00:00Z,https://forums.iracing.com/categories/OvalTrucks,FALSE,FALSE,FALSE,FALSE,650,11.95,$11.95 ,FALSE,FALSE,"oval,nascar,truck,craftsman,chevy",
TRUE,trucks\fordf150,123,Ford,F150,NASCAR Truck Ford F150,F150,"craftsman,nascar,oval,truck",3450,oval,2020-05-06T09:14:38Z,2022-03-08T00:00:00Z,https://forums.iracing.com/categories/OvalTrucks,FALSE,FALSE,FALSE,FALSE,650,11.95,$11.95 ,FALSE,FALSE,"oval,nascar,truck,craftsman",
TRUE,trucks\toyotatundra2022,155,Toyota,Tundra TRD Pro,NASCAR Truck Toyota Tundra TRD Pro,TTP,"craftsman,nascar,oval,truck",3450,oval,2022-02-17T15:59:33Z,2022-03-08T00:00:00Z,https://forums.iracing.com/categories/OvalTrucks,FALSE,FALSE,FALSE,FALSE,650,11.95,$11.95 ,FALSE,FALSE,"oval,nascar,truck,craftsman",https://www.toyota.com/racing/nascar-truck
TRUE,stockcars2\camaro2019,114,Chevrolet,Camaro,NASCAR XFINITY Chevrolet Camaro,XCC,"chevy,classb,nascar,nationwide,oval,xfinity",3450,oval,2019-08-14T09:14:12Z,2019-09-04T00:00:00Z,https://forums.iracing.com/categories/Xfinity,FALSE,FALSE,FALSE,FALSE,650,11.95,$11.95 ,FALSE,FALSE,"oval,nascar,xfinity,nationwide,classb,chevy",http://www.iracing.com
TRUE,stockcars2\mustang2019,115,Ford,Mustang,NASCAR XFINITY Ford Mustang,XFM,"classb,nascar,nationwide,oval,xfinity",3450,oval,2019-08-14T09:16:26Z,2019-09-04T00:00:00Z,https://forums.iracing.com/categories/Xfinity,FALSE,FALSE,FALSE,FALSE,650,11.95,$11.95 ,FALSE,FALSE,"oval,nascar,xfinity,nationwide,classb",http://www.iracing.com
TRUE,stockcars2\supra2019,116,Toyota,Supra,NASCAR XFINITY Toyota Supra,XTS,"classb,nascar,nationwide,oval,xfinity",3450,oval,2019-08-14T09:18:06Z,2019-09-04T00:00:00Z,https://forums.iracing.com/categories/Xfinity,FALSE,FALSE,FALSE,FALSE,650,11.95,$11.95 ,FALSE,FALSE,"oval,nascar,xfinity,nationwide,classb",http://www.iracing.com
TRUE,nissangtpzxt,77,Nissan,GTP ZX-T,Nissan GTP ZX-T,ZXT,"gtp,imsa,prototype,road",2097,sports_car,2016-07-28T14:54:24Z,2017-09-09T00:00:00Z,https://forums.iracing.com/categories/kamel-gt-championship-%28audi-gt-nissan-zx%29,FALSE,TRUE,FALSE,FALSE,795,11.95,$11.95 ,FALSE,FALSE,"road,prototype,gtp,imsa",http://www.iracing.com
FALSE,solstice,3,Pontiac,Solstice,Pontiac Solstice,SOL,"road,sportscar",2948,sports_car,2006-10-17T19:30:00Z,2008-02-04T00:00:00Z,https://forums.iracing.com/categories/rookie-road-racing-cars,TRUE,TRUE,FALSE,FALSE,177,0,$0.00 ,FALSE,FALSE,"road,sportscar",
FALSE,solstice\rookie,10,Pontiac,Solstice,Pontiac Solstice - Rookie,SOL-R,"road,sportscar",2948,sports_car,2007-08-19T15:30:00Z,2008-02-04T00:00:00Z,https://forums.iracing.com/categories/rookie-road-racing-cars,TRUE,FALSE,FALSE,FALSE,177,0,$0.00 ,FALSE,FALSE,"road,sportscar",
TRUE,porsche718gt4,119,Porsche,718 Cayman GT4 Clubsport MR,Porsche 718 Cayman GT4 Clubsport MR,P718,"gs,gt4,road,sportscar",2910,sports_car,2019-12-23T15:07:35Z,2020-03-02T00:00:00Z,https://forums.iracing.com/categories/gt4,FALSE,TRUE,FALSE,TRUE,425,11.95,$11.95 ,TRUE,FALSE,"road,sportscar,gt4,gs",http://www.porsche.com/
TRUE,porsche992cup,143,Porsche,992,Porsche 911 GT3 Cup (992),P992,"road,sportscar",2778,sports_car,2021-07-13T15:33:30Z,2021-09-07T00:00:00Z,https://forums.iracing.com/categories/porsche-gt3-cup-991,FALSE,TRUE,FALSE,TRUE,510,11.95,$11.95 ,TRUE,FALSE,"road,sportscar",https://www.porsche.com/international/motorsportandevents/motorsport/
TRUE,porsche992rgt3,169,Porsche,992 GT3 R,Porsche 911 GT3 R (992),992R,"road,sportscar",2756,sports_car,2023-03-31T09:10:14Z,2023-06-06T00:00:00Z,https://forums.iracing.com/categories/porsche-911-gt3-r-%28992%29,FALSE,TRUE,FALSE,TRUE,565,11.95,$11.95 ,TRUE,FALSE,"road,sportscar",
TRUE,porsche991rsr,102,Porsche,911 RSR,Porsche 911 RSR,RSR,"gte,gtlm,road,sportscar",2740,sports_car,2018-05-09T14:10:32Z,2018-06-04T00:00:00Z,https://forums.iracing.com/categories/gte,FALSE,TRUE,FALSE,FALSE,510,11.95,$11.95 ,FALSE,FALSE,"road,sportscar,gte,gtlm",https://www.porsche.com/international/motorsportandevents/motorsport/
TRUE,porsche919,100,Porsche,919,Porsche 919,919,"lmp1,prototype,road",1929,sports_car,2018-02-21T13:13:23Z,2018-03-05T00:00:00Z,https://forums.iracing.com/categories/porsche-919,FALSE,TRUE,FALSE,FALSE,900,11.95,$11.95 ,FALSE,FALSE,"road,prototype,lmp1",https://www.porsche.com/international/motorsportandevents/motorsport/
TRUE,porsche963gtp,174,Porsche,Porsche 963 GTP,Porsche 963 GTP,PGTP,"gtp,lmdh,prototype,road",2469,sports_car,2023-07-12T10:45:55Z,2023-09-06T00:00:00Z,https://forums.iracing.com/categories/porsche-963-gtp,FALSE,TRUE,FALSE,TRUE,665,11.95,$11.95 ,TRUE,FALSE,"road,gtp,lmdh,prototype",
FALSE,porschemissionr,158,Porsche,Porsche Mission R,Porsche Mission R,PMR,road,3307,sports_car,2022-07-13T11:29:07Z,2022-09-06T00:00:00Z,https://forums.iracing.com/categories/porsche-mission-r,FALSE,TRUE,FALSE,FALSE,1073,11.95,$11.95 ,FALSE,FALSE,road,
TRUE,radicalsr10,149,Radical,SR10,Radical SR10,SR10,"prototype,road",1598,sports_car,2022-01-07T17:14:01Z,2022-06-06T00:00:00Z,,FALSE,TRUE,FALSE,FALSE,425,11.95,$11.95 ,FALSE,FALSE,"road,prototype",https://www.radicalsportscars.com/our-cars/sr10
FALSE,radical\sr8,13,Radical , ,Radical SR8,SR8,"prototype,road",1750,sports_car,2008-05-01T03:20:00Z,2008-02-03T00:00:00Z,https://forums.iracing.com/categories/radical-sr8-v8,TRUE,TRUE,FALSE,FALSE,360,0,$0.00 ,FALSE,FALSE,"road,prototype", 
TRUE,raygr22,163,Ray,Ray GR22,Ray FF1600,GR22,"ford,formula,openwheel,road",1108,formula_car,2023-01-18T09:55:06Z,2023-03-07T00:00:00Z,https://forums.iracing.com/categories/ray-ff1600,TRUE,FALSE,FALSE,TRUE,116,0,$0.00 ,TRUE,FALSE,"road,formula,ford,openwheel",
TRUE,renaultcliocup,162,Renault,Clio,Renault Clio,RENC,road,2271,sports_car,2023-01-09T10:46:06Z,2023-03-07T00:00:00Z,https://forums.iracing.com/categories/renault-clio-r-s-v,FALSE,TRUE,FALSE,TRUE,200,11.95,$11.95 ,TRUE,FALSE,road,
FALSE,rufrt12r\awd,48,Ruf,AWD,Ruf RT 12R AWD,R12A,"911,road,sportscar",3100,sports_car,2013-05-31T08:29:32Z,2014-01-27T00:00:00Z,https://forums.iracing.com/categories/ruf-%28all-specs%29,FALSE,TRUE,FALSE,FALSE,675,11.95,$11.95 ,FALSE,FALSE,"road,sportscar,911",http://www.iracing.com
FALSE,rufrt12r\track\cspec,52,Ruf,C-Spec,Ruf RT 12R C-Spec,R12C,"911,road,sportscar",2645,sports_car,2013-11-21T13:43:02Z,2013-12-18T00:00:00Z,https://forums.iracing.com/categories/ruf-%28all-specs%29,FALSE,TRUE,FALSE,FALSE,435,11.95,$11.95 ,FALSE,FALSE,"road,sportscar,911",http://www.ruf-automobile.de/
FALSE,rufrt12r\rwd,49,Ruf,RWD,Ruf RT 12R RWD,R12R,"911,road,sportscar",3100,sports_car,2013-07-01T15:39:18Z,2013-12-18T00:00:00Z,https://forums.iracing.com/categories/ruf-%28all-specs%29,FALSE,TRUE,FALSE,FALSE,675,11.95,$11.95 ,FALSE,FALSE,"road,sportscar,911",http://www.iracing.com
FALSE,rufrt12r\track,50,Ruf,Track,Ruf RT 12R Track,R12T,"911,road,sportscar",2645,sports_car,2013-07-01T15:40:33Z,2013-12-18T00:00:00Z,https://forums.iracing.com/categories/ruf-%28all-specs%29,FALSE,TRUE,FALSE,FALSE,493,11.95,$11.95 ,FALSE,FALSE,"road,sportscar,911",http://www.iracing.com
TRUE,specracer,23,SCCA Enterprises,,SCCA Spec Racer Ford,SRF,"prototype,road,srf",1560,sports_car,2009-03-31T08:42:32Z,2009-04-27T00:00:00Z,https://forums.iracing.com/categories/spec-racer-ford,TRUE,FALSE,FALSE,FALSE,135,0,$0.00 ,FALSE,FALSE,"road,prototype,srf",
TRUE,silvercrown,18,,,Silver Crown,SC,"oval,usac",1600,oval,2008-04-24T14:20:00Z,2008-06-05T00:00:00Z,https://forums.iracing.com/categories/silver-crown,FALSE,FALSE,FALSE,FALSE,819,11.95,$11.95 ,FALSE,FALSE,"oval,usac",
TRUE,rt2000,1,,,Skip Barber Formula 2000,SBRS,"openwheel,road,rt2000,sbrs,skippy",1250,formula_car,2006-05-03T19:10:00Z,2008-02-03T00:00:00Z,https://forums.iracing.com/categories/skip-barber-formula-2000,FALSE,FALSE,FALSE,TRUE,132,11.95,$11.95 ,TRUE,FALSE,"road,openwheel,skippy,sbrs,rt2000",
FALSE,sprint,37,,,Sprint Car,SPRT,oval,1475,oval,2011-01-10T10:21:09Z,2011-02-09T00:00:00Z,https://forums.iracing.com/categories/sprint-car,FALSE,FALSE,FALSE,FALSE,820,11.95,$11.95 ,FALSE,FALSE,oval,http://www.iracing.com
TRUE,srx,179,SRX,SRX,SRX,SRX,"road,srx,superstar racing experience",3250,oval,2024-01-02T13:53:17Z,2024-03-05T00:00:00Z,https://forums.iracing.com/categories/srx,FALSE,FALSE,FALSE,FALSE,700,11.95,$11.95 ,FALSE,FALSE,"road,superstar racing experience,srx",
TRUE,stockcarbrasil\cruze,151,Cruze,Chevrolet,Stock Car Brasil Chevrolet Cruze,SCCC,"brasil,brazil,scb,stockcar,stockcarbrasil,stockcarproseries",3053,sports_car,2022-01-07T17:31:06Z,2022-03-08T00:00:00Z,https://forums.iracing.com/categories/stock-car-brasil-chevy-cruze-toyota-corolla,FALSE,TRUE,FALSE,FALSE,415,11.95,$11.95 ,FALSE,FALSE,"stockcarproseries,stockcarbrasil,scb,brasil,brazil,stockcar",
TRUE,stockcarbrasil\corolla,152,Toyota,Corolla,Stock Car Brasil Toyota Corolla,SCTC,"brasil,brazil,scb,stockcar,stockcarbrasil,stockcarproseries",3053,sports_car,2022-01-07T17:33:22Z,2022-03-08T00:00:00Z,https://forums.iracing.com/categories/stock-car-brasil-chevy-cruze-toyota-corolla,FALSE,TRUE,FALSE,FALSE,415,11.95,$11.95 ,FALSE,FALSE,"stockcarproseries,stockcarbrasil,scb,brasil,brazil,stockcar",
TRUE,streetstock\streetstock2,186,,Street Stock - Casino,Street Stock - Casino M2,SSC,"oval,ss",3400,oval,2024-05-06T15:21:23Z,2024-06-04T00:00:00Z,https://forums.iracing.com/categories/street-stock/,FALSE,FALSE,FALSE,FALSE,375,11.95,$11.95 ,FALSE,FALSE,"oval,ss",
TRUE,streetstock\streetstock3,187,,Street Stock - Eagle,Street Stock - Eagle T3,SSE,"oval,ss",3400,oval,2024-05-06T15:25:13Z,2024-06-04T00:00:00Z,https://forums.iracing.com/categories/street-stock/,FALSE,FALSE,FALSE,FALSE,375,11.95,$11.95 ,FALSE,FALSE,"oval,ss",
TRUE,streetstock,36,,,Street Stock - Panther C1,SS,"oval,ss",3400,oval,2010-11-04T15:48:16Z,2008-08-25T00:00:00Z,https://forums.iracing.com/categories/street-stock,TRUE,FALSE,FALSE,FALSE,375,0,$0.00 ,FALSE,FALSE,"oval,ss",http://www.iracing.com
FALSE,subaruwrxsti,101,Subaru,WRX STI,Subaru WRX STI,WRX,"dirt,dirtroad,irx,rallycross,subi",2860,dirt_road,2018-04-27T14:03:06Z,2018-06-04T00:00:00Z,https://forums.iracing.com/categories/Subaru_WRX,FALSE,FALSE,FALSE,FALSE,585,11.95,$11.95 ,FALSE,FALSE,"dirt,dirtroad,subi,rallycross,irx",https://vtcar.com/
TRUE,superformulalights324,178,Dallara,324,Super Formula Lights,SFL324,"openwheel,road,sf,sfl",1290,formula_car,2023-12-15T13:39:16Z,2024-03-05T00:00:00Z,https://forums.iracing.com/categories/super-formula-lights,FALSE,FALSE,FALSE,TRUE,276,11.95,$11.95 ,TRUE,FALSE,"road,openwheel,sf,sfl",
TRUE,superformulasf23\honda,172,Dallara,Super Formula SF23 - Honda,Super Formula SF23 - Honda,SF23H,"openwheel,road,sf",1477,formula_car,2023-05-11T13:34:35Z,2023-09-27T00:00:00Z,https://forums.iracing.com/categories/super-formula-sf23-toyota,FALSE,FALSE,FALSE,TRUE,550,11.95,$11.95 ,TRUE,FALSE,"road,openwheel,sf",
TRUE,superformulasf23\toyota,171,Dallara,Super Formula SF23 - Toyota,Super Formula SF23 - Toyota,SF23T,"openwheel,road,sf",1477,formula_car,2023-05-11T13:31:59Z,2023-09-06T00:00:00Z,https://forums.iracing.com/categories/super-formula-sf23-toyota,FALSE,FALSE,FALSE,TRUE,550,11.95,$11.95 ,TRUE,FALSE,"road,openwheel,sf",
TRUE,superlatemodel,54,,Super Late Model,Super Late Model,SLM,"oval,slm",2800,oval,2014-01-07T12:59:02Z,2014-01-24T00:00:00Z,https://forums.iracing.com/categories/super-late-model,FALSE,FALSE,FALSE,FALSE,550,11.95,$11.95 ,FALSE,FALSE,"oval,slm",http://www.iracing.com/
TRUE,supercars\chevycamarogen3,192,Chevrolet,Supercars Chevrolet Camaro Gen 3,Supercars Chevrolet Camaro Gen 3,SCCG3,"road,supercars",2955,sports_car,2024-07-17T14:23:00Z,2024-12-10T00:00:00Z,https://forums.iracing.com/categories/gen-3-supercars-|-ford-mustang-chevy-camaro/,FALSE,TRUE,FALSE,TRUE,600,11.95,$11.95 ,TRUE,FALSE,"road,supercars",
TRUE,supercars\fordmustanggen3,190,Ford,Supercars Ford Mustang Gen 3,Supercars Ford Mustang Gen 3,SFMG3,"road,supercars",2955,sports_car,2024-07-16T11:10:05Z,2024-12-10T00:00:00Z,https://forums.iracing.com/categories/gen-3-supercars-|-ford-mustang-chevy-camaro/,FALSE,TRUE,FALSE,TRUE,600,11.95,$11.95 ,TRUE,FALSE,"road,supercars",
TRUE,toyotagr86,160,Toyota,GR86,Toyota GR86,GR86,"road,street circuit",2868,sports_car,2022-10-13T15:10:11Z,2022-12-06T00:00:00Z,https://forums.iracing.com/categories/toyota-gr86,TRUE,TRUE,FALSE,TRUE,228,0,$0.00 ,TRUE,FALSE,"road,street circuit",https://www.toyota.com/gr86/
TRUE,usf2000usf17,121,USF 2000,PM-17,USF 2000,PM17,"f2000,openwheel,oval,road",1100,formula_car,2020-03-31T14:56:46Z,2020-06-01T00:00:00Z,https://forums.iracing.com/categories/usf-2000,FALSE,FALSE,FALSE,FALSE,175,11.95,$11.95 ,FALSE,FALSE,"road,openwheel,oval,f2000",https://www.usf2000.com/about/road-to-indy
FALSE,vwbeetlegrc,91,Volkswagen,Beetle,VW Beetle,VWB,"dirt,dirtroad,irx,rallycross",3000,dirt_road,2017-03-31T15:10:51Z,2017-12-04T00:00:00Z,https://forums.iracing.com/categories/volkswagen-beetle-grc-lite,TRUE,FALSE,FALSE,FALSE,600,0,$0.00 ,FALSE,FALSE,"dirt,dirtroad,rallycross,irx",http://www.iracing.com/
FALSE,vwbeetlegrc\lite,138,Volkswagen,Beetle - Lite,VW Beetle - Lite,VWBL,"dirt,dirtroad,irx,rallycross",1371,dirt_road,2021-04-13T13:58:02Z,2021-06-08T00:00:00Z,https://forums.iracing.com/categories/volkswagen-beetle-grc-lite,TRUE,FALSE,FALSE,FALSE,262,0,$0.00 ,FALSE,FALSE,"dirt,dirtroad,rallycross,irx",http://www.iracing.com/
TRUE,jettatdi,27,Volkswagen,Jetta TDI,VW Jetta TDI Cup,VWTDI,"road,sportscar",3041,sports_car,2009-06-22T10:28:55Z,2009-06-22T00:00:00Z,https://forums.iracing.com/categories/rookie-road-racing-cars,TRUE,TRUE,FALSE,FALSE,170,0,$0.00 ,FALSE,FALSE,"road,sportscar",http://www.vw.com/vwhype/motorsport/en/us/#/jetta_tdi_cup/welcome/
TRUE,williamsfw31,33,Williams,FW31,Williams-Toyota FW31,FW31,"f1,formula1,formulaone,openwheel,road",1331,formula_car,2010-08-05T10:10:05Z,2010-10-26T00:00:00Z,https://forums.iracing.com/categories/williams-fw31,FALSE,FALSE,FALSE,FALSE,750,11.95,$11.95 ,FALSE,FALSE,"road,openwheel,f1,formula1,formulaone",http://www.attwilliams.com/
